name,contents_count
리니지2M(19),137
Brain Out - 가장 어색한 게임,95
고수 with NAVER WEBTOON,58
리니지2M(12),235
마기아 : 카르마 사가,79
Pocket World 3D,58
Rusty Blower 3D,3
Sky Roller,243
게임빌프로야구 슈퍼스타즈,96
Ink Inc. - Tattoo Tycoon,91
무한의 계단,624
워드퍼즐 - 단어 게임,74
애프터라이프,566
엑소스 히어로즈,566
무한의 농장,288
워너비챌린지,27
진화소녀,129
밥 먹고 갈래요?,7
꽃피는 달빛,48
브롤스타즈,631
기적의 검,149
꿈의 정원 (Gardenscapes),80
콜 오브 듀티: 모바일,604
꿈의 집 (Homescapes),407
Fun Race 3D,36
Cannon Shot!,414
Stencil Art - Spray Masters,54
Tales Rush!,83
Supreme Duelist Stickman,571
Clash of Blocks,259
클래시 로얄,615
V4,541
Crazy Shopping,203
왕비의 맛,6
1945,111
궁수의 전설,560
배틀그라운드,628
펭귄의 섬,72
라이즈 오브 킹덤즈,571
Puzzrama (퍼즈라마),2
Rummikub,102
꿈의 마을 (Township),44
Park of Monster,243
Mr Bullet - 스파이 퍼즐,503
킹 오브 파이터 올스타,576
바이러스 워 - 우주 슈팅 게임,113
염왕이 뿔났다,150
Sandwich!,31
계급장 키우기,203
킹 오브 타워,65
