rank,date,name
1,2019_10_13,달빛조각사
2,2019_10_13,Brain Out – 가장 어색한 게임
3,2019_10_13,콜 오브 듀티: 모바일
4,2019_10_13,세레스M
5,2019_10_13,라이즈 오브 킹덤즈
6,2019_10_13,도시어부M
7,2019_10_13,신의 연대기-신규서버오픈
8,2019_10_13,Dinosaur Rampage
9,2019_10_13,브롤스타즈
10,2019_10_13,디지몬 리얼라이즈 -Digimon ReArise-
11,2019_10_13,올스타 스매시
12,2019_10_13,워드퍼즐 - 단어 게임
13,2019_10_13,Mario Kart Tour
14,2019_10_13,소울아크: 리부트
15,2019_10_13,장기2.0
16,2019_10_13,Bouncemasters!
17,2019_10_13,무한의 계단
18,2019_10_13,Square Bird
19,2019_10_13,Perfect Slices
20,2019_10_13,3차원 채우기 (Fill in 3D)
21,2019_10_13,펭귄의 섬
22,2019_10_13,Puzzle Fuzzle
23,2019_10_13,I Peel Good
24,2019_10_13,Cool Goal!
25,2019_10_13,The Real Juggle
26,2019_10_13,꿈의 집 (Homescapes)
27,2019_10_13,숨바꼭질 온라인 - 실시간 숨바꼭질
28,2019_10_13,이터:던전의 포식자
29,2019_10_13,기적의 검
30,2019_10_13,오늘도 우라라 원시 헌팅 라이프
31,2019_10_13,장기의 달인
32,2019_10_13,배틀그라운드
33,2019_10_13,1945
34,2019_10_13,꿈의 정원 (Gardenscapes)
35,2019_10_13,Color Saw 3D
36,2019_10_13,궁수의 전설
37,2019_10_13,Sand Balls
38,2019_10_13,Wrecking Ball
39,2019_10_13,Granny Legend
40,2019_10_13,Magic Tiles 3
41,2019_10_13,Zipline Valley - 물리학 퍼즐 게임
42,2019_10_13,바이러스 워 - 우주 슈팅 게임
43,2019_10_13,ROBLOX
44,2019_10_13,신비아파트 고스트헌터
45,2019_10_13,Mr Bullet - 스파이 퍼즐
46,2019_10_13,Fun Race 3D
47,2019_10_13,Paper.io 2
48,2019_10_13,좀비고등학교
49,2019_10_13,aquapark.io
50,2019_10_13,Zooba - 동물원 배틀 아레나
51,2019_10_13,피망 뉴맞고 : 고스톱으로 대한민국 1등
52,2019_10_13,피츠메이커
53,2019_10_13,햄스터 타운 - 당신이 원하는 힐링 두뇌 퍼즐 게임 - 햄스터 타운! 심쿵사 주의
54,2019_10_13,클래시 로얄
55,2019_10_13,꿈의 마을 (Township)
56,2019_10_13,Rider
57,2019_10_13,Robot Clash
58,2019_10_13,Minecraft 체험판
59,2019_10_13,Empires & Puzzles: RPG Quest
60,2019_10_13,Rope Slash
61,2019_10_13,토킹톰 골드런
62,2019_10_13,Color Fill 3D
63,2019_10_13,Run Race 3D
64,2019_10_13,Rummikub
65,2019_10_13,리치리치
66,2019_10_13,왕국건설 스토리
67,2019_10_13,Crowd City
68,2019_10_13,스케치퀴즈
69,2019_10_13,지오메트리 대시 라이트 (Geometry Dash L)
70,2019_10_13,마피아42
71,2019_10_13,Happy Glass
72,2019_10_13,Partymasters - Fun Idle Game
73,2019_10_13,Shadow of Death: 다크니스 RPG - 지금 싸움을
74,2019_10_13,피망 섯다
75,2019_10_13,Icing On The Cake
76,2019_10_13,"Numpuz: Classic Number Games, Num Riddle Puzzle"
77,2019_10_13,아스팔트 9: 레전드- 2019 액션 카 레이싱 게임
78,2019_10_13,토킹톰 히어로 대시
79,2019_10_13,타워 브레이커(Tower Breaker) - 신의 탑 부수기
80,2019_10_13,Supreme Duelist Stickman
81,2019_10_13,해양 유목민 - 뗏목 생존: Survival on Raft - Ocean Nomad
82,2019_10_13,Two Dots
83,2019_10_13,슈퍼펭귄 (Super Penguins)
84,2019_10_13,Line Color 3D
85,2019_10_13,"Happy Color – 컬러링북, 숫자 색칠 게임"
86,2019_10_13,쿵야 캐치마인드
87,2019_10_13,보스레이브
88,2019_10_13,쿠키런: 오븐브레이크
89,2019_10_13,Jelly Shift
90,2019_10_13,도끼.io
91,2019_10_13,동물의 집
92,2019_10_13,롤링 스카이
93,2019_10_13,Hole.io
94,2019_10_13,Granny: Chapter Two
95,2019_10_13,Bottle Flip 3D
96,2019_10_13,갤럭시 슈터 - 팔콘 스쿼드 - 외계인 슈팅게임
97,2019_10_13,FIFA ONLINE 4 M by EA SPORTS™
98,2019_10_13,Pokémon GO
99,2019_10_13,회사 탈출3　-탈출 게임
100,2019_10_13,무한의 농장
