search,youtube_url,viewer,upload
꽃피는 달빛 게임,https://www.youtube.com/watch?v=Eb8A6BGJ3NI,13회,3일 전
꽃피는 달빛 게임,https://www.youtube.com/watch?v=RZ8VIPuSIag,266회,4일 전
꽃피는 달빛 게임,https://www.youtube.com/watch?v=DZDmM5ZgpG4,139회,6일 전
꽃피는 달빛 게임,https://www.youtube.com/watch?v=UeNdANTkrdA,92회,1주 전
꽃피는 달빛 게임,https://www.youtube.com/watch?v=FZ9xHysneCY,65회,1주 전
꽃피는 달빛 게임,https://www.youtube.com/watch?v=K_wjB7r493c,1회,1주 전
꽃피는 달빛 게임,https://www.youtube.com/watch?v=VUTzQpfjI6g,없음,1주 전
꽃피는 달빛 게임,https://www.youtube.com/watch?v=9scoGBPakH0,510회,1주 전
꽃피는 달빛 게임,https://www.youtube.com/watch?v=RlLBQpJa1NI,242회,2주 전
꽃피는 달빛 게임,https://www.youtube.com/watch?v=rM46X9EoXS0,19회,3주 전
꽃피는 달빛 게임,https://www.youtube.com/watch?v=96jrIjDFIM0,126회,4주 전
꽃피는 달빛 게임,https://www.youtube.com/watch?v=zJOOc6Rljq4,57회,4주 전
꽃피는 달빛 게임,https://www.youtube.com/watch?v=zWUrlr94eMA,1천회,1개월 전
꽃피는 달빛 게임,https://www.youtube.com/watch?v=eNL48ymLuI8,768회,1개월 전
꽃피는 달빛 게임,https://www.youtube.com/watch?v=6Gh3-yhJB7U,931회,1개월 전
꽃피는 달빛 게임,https://www.youtube.com/watch?v=rI53ODxBXZg,2.6천회,1개월 전
꽃피는 달빛 게임,https://www.youtube.com/watch?v=8Fu7JYhsChc,868회,1개월 전
꽃피는 달빛 게임,https://www.youtube.com/watch?v=FvLINKlWnb0,703회,1개월 전
꽃피는 달빛 게임,https://www.youtube.com/watch?v=pmg0J4UB7hA,4.8만회,1개월 전
꽃피는 달빛 게임,https://www.youtube.com/watch?v=yQQfgt2nNmY,2.1천회,1개월 전
꽃피는 달빛 게임,https://www.youtube.com/watch?v=tm94Uc0etP4,166회,1개월 전
꽃피는 달빛 게임,https://www.youtube.com/watch?v=XfbNAyN4NHM,10회,1개월 전
꽃피는 달빛 게임,https://www.youtube.com/watch?v=pRgUruyAWmo,612회,1개월 전
꽃피는 달빛 게임,https://www.youtube.com/watch?v=QivfQEGuXZM,172회,1개월 전
꽃피는 달빛 게임,https://www.youtube.com/watch?v=XdIxR9FG2NQ,148회,1개월 전
꽃피는 달빛 게임,https://www.youtube.com/watch?v=zVoFEYTm850,96회,1개월 전
꽃피는 달빛 게임,https://www.youtube.com/watch?v=GxZvTHTbUsU,19회,1개월 전
꽃피는 달빛 게임,https://www.youtube.com/watch?v=6diKqY1f24M,18회,1개월 전
꽃피는 달빛 게임,https://www.youtube.com/watch?v=vmDZQFyE2Xo,881회,1개월 전
꽃피는 달빛 게임,https://www.youtube.com/watch?v=BDwcvhfQf44,839회,1개월 전
꽃피는 달빛 게임,https://www.youtube.com/watch?v=aFR6UE2XmGQ,42회,1개월 전
꽃피는 달빛 게임,https://www.youtube.com/watch?v=WXA_u3w2OV0,25회,1개월 전
꽃피는 달빛 게임,https://www.youtube.com/watch?v=MP-iHB0h9FM,409회,1개월 전
꽃피는 달빛 게임,https://www.youtube.com/watch?v=PmdQ4MgG8EM,87회,1개월 전
꽃피는 달빛 게임,https://www.youtube.com/watch?v=h2FCo0B1GGo,395회,1개월 전
꽃피는 달빛 게임,https://www.youtube.com/watch?v=V6MSZVxOZeA,155회,1개월 전
꽃피는 달빛 게임,https://www.youtube.com/watch?v=g7KUzniHqEI,27회,1개월 전
꽃피는 달빛 게임,https://www.youtube.com/watch?v=DxQCqYVfMow,259회,1개월 전
꽃피는 달빛 게임,https://www.youtube.com/watch?v=HzvKPwIt_PA,80회,1개월 전
꽃피는 달빛 게임,https://www.youtube.com/watch?v=B1BR-cEBueU,874회,1개월 전
꽃피는 달빛 게임,https://www.youtube.com/watch?v=9ClwxFybo_8,537회,1개월 전
꽃피는 달빛 게임,https://www.youtube.com/watch?v=eT7rzErdNfc,1.7천회,1개월 전
꽃피는 달빛 게임,https://www.youtube.com/watch?v=chSuKF9J9ow,451회,1개월 전
꽃피는 달빛 게임,https://www.youtube.com/watch?v=X9HOkGqUWTM,1천회,1개월 전
꽃피는 달빛 게임,https://www.youtube.com/watch?v=0-mDuj7-r10,2.7천회,1개월 전
꽃피는 달빛 게임,https://www.youtube.com/watch?v=K2net9_CLcM,6.9천회,1개월 전
꽃피는 달빛 게임,https://www.youtube.com/watch?v=ZAwtx9K9jiE,8.4천회,1개월 전
꽃피는 달빛 게임,https://www.youtube.com/watch?v=oNHo-hgd5tY,105회,4개월 전
